-- --------------------------------------------------------
-- Host:                         127.0.0.1
-- Versi칩n del servidor:         5.7.17-log - MySQL Community Server (GPL)
-- SO del servidor:              Win64
-- HeidiSQL Versi칩n:             9.4.0.5125
-- --------------------------------------------------------

/*!40101 SET @OLD_CHARACTER_SET_CLIENT=@@CHARACTER_SET_CLIENT */;
/*!40101 SET NAMES utf8 */;
/*!50503 SET NAMES utf8mb4 */;
/*!40014 SET @OLD_FOREIGN_KEY_CHECKS=@@FOREIGN_KEY_CHECKS, FOREIGN_KEY_CHECKS=0 */;
/*!40101 SET @OLD_SQL_MODE=@@SQL_MODE, SQL_MODE='NO_AUTO_VALUE_ON_ZERO' */;


-- Volcando estructura de base de datos para loteautos
CREATE DATABASE IF NOT EXISTS `loteautos` /*!40100 DEFAULT CHARACTER SET utf8 */;
USE `loteautos`;

-- Volcando estructura para tabla loteautos.automoviles
CREATE TABLE IF NOT EXISTS `automoviles` (
  `pkAutomovil` int(11) NOT NULL AUTO_INCREMENT,
  `sFoto1` mediumtext,
  `sFoto2` mediumtext,
  `sFoto3` mediumtext,
  `sMarca` varchar(40) NOT NULL,
  `sModelo` varchar(20) NOT NULL,
  `iA침o` int(11) NOT NULL,
  `sNoSerie` varchar(20) NOT NULL,
  `sNoPlaca` varchar(20) NOT NULL,
  `sColor` varchar(20) NOT NULL,
  `sNacionalidad` varchar(20) NOT NULL,
  `dPrecio` double NOT NULL,
  `sObservaciones` varchar(150) DEFAULT NULL,
  `bStatus` tinyint(1) NOT NULL,
  PRIMARY KEY (`pkAutomovil`),
  UNIQUE KEY `pkAutomovil` (`pkAutomovil`)
) ENGINE=InnoDB AUTO_INCREMENT=5 DEFAULT CHARSET=utf8;

-- Volcando datos para la tabla loteautos.automoviles: ~1 rows (aproximadamente)
/*!40000 ALTER TABLE `automoviles` DISABLE KEYS */;
INSERT INTO `automoviles` (`pkAutomovil`, `sFoto1`, `sFoto2`, `sFoto3`, `sMarca`, `sModelo`, `iA침o`, `sNoSerie`, `sNoPlaca`, `sColor`, `sNacionalidad`, `dPrecio`, `sObservaciones`, `bStatus`) VALUES
	(1, 'C:\\Users\\HERNANDEZ\\Documents\\Desarrollo de Aplicaciones III\\LoteAutos-master\\LoteAutos\\bin\\Debug\\FotoAutomovil1', 'C:\\Users\\HERNANDEZ\\Documents\\Desarrollo de Aplicaciones III\\LoteAutos-master\\LoteAutos\\bin\\Debug\\FotoAutomovil2', 'C:\\Users\\HERNANDEZ\\Documents\\Desarrollo de Aplicaciones III\\LoteAutos-master\\LoteAutos\\bin\\Debug\\FotoAutomovil3', 'Dodge', 'Challenger', 2017, '4578545', 'ECW-47A', 'Rojo', 'Mexicano', 4758131, 'Dodge Challenger', 1);
/*!40000 ALTER TABLE `automoviles` ENABLE KEYS */;

-- Volcando estructura para tabla loteautos.comisionregistros
CREATE TABLE IF NOT EXISTS `comisionregistros` (
  `pkComisionRegistro` int(11) NOT NULL AUTO_INCREMENT,
  `dCobro` double NOT NULL,
  `dtFechaCobro` datetime NOT NULL,
  `dPago` double NOT NULL,
  `dCambio` double NOT NULL,
  PRIMARY KEY (`pkComisionRegistro`),
  UNIQUE KEY `pkComisionRegistro` (`pkComisionRegistro`)
) ENGINE=InnoDB AUTO_INCREMENT=7 DEFAULT CHARSET=utf8;

-- Volcando datos para la tabla loteautos.comisionregistros: ~5 rows (aproximadamente)
/*!40000 ALTER TABLE `comisionregistros` DISABLE KEYS */;
/*!40000 ALTER TABLE `comisionregistros` ENABLE KEYS */;

-- Volcando estructura para tabla loteautos.compradores
CREATE TABLE IF NOT EXISTS `compradores` (
  `pkComprador` int(11) NOT NULL AUTO_INCREMENT,
  `sNombre` varchar(40) NOT NULL,
  `sApellido` varchar(40) NOT NULL,
  `sDireccion` varchar(80) NOT NULL,
  `bStatus` tinyint(1) NOT NULL,
  PRIMARY KEY (`pkComprador`),
  UNIQUE KEY `pkComprador` (`pkComprador`)
) ENGINE=InnoDB AUTO_INCREMENT=2 DEFAULT CHARSET=utf8;

-- Volcando datos para la tabla loteautos.compradores: ~0 rows (aproximadamente)
/*!40000 ALTER TABLE `compradores` DISABLE KEYS */;
/*!40000 ALTER TABLE `compradores` ENABLE KEYS */;

-- Volcando estructura para tabla loteautos.detalleventas
CREATE TABLE IF NOT EXISTS `detalleventas` (
  `pkDetalleVenta` int(11) NOT NULL AUTO_INCREMENT,
  `fkComprador` int(11) NOT NULL,
  `sNombre` varchar(40) NOT NULL,
  `sApellido` varchar(40) NOT NULL,
  `dtFechaVenta` datetime NOT NULL,
  `dTotal` double NOT NULL,
  `dPago` double NOT NULL,
  `dCambio` double NOT NULL,
  `bStatus` tinyint(1) NOT NULL,
  `fkVenta` int(11) NOT NULL,
  PRIMARY KEY (`pkDetalleVenta`),
  UNIQUE KEY `pkDetalleVenta` (`pkDetalleVenta`),
  KEY `fkComprador` (`fkComprador`),
  KEY `fkVenta` (`fkVenta`),
  CONSTRAINT `compradores_detalleventas` FOREIGN KEY (`fkComprador`) REFERENCES `compradores` (`pkComprador`) ON DELETE NO ACTION ON UPDATE NO ACTION,
  CONSTRAINT `ventas_detalleventas` FOREIGN KEY (`fkVenta`) REFERENCES `ventas` (`pkVenta`) ON DELETE NO ACTION ON UPDATE NO ACTION
) ENGINE=InnoDB DEFAULT CHARSET=utf8;

-- Volcando datos para la tabla loteautos.detalleventas: ~0 rows (aproximadamente)
/*!40000 ALTER TABLE `detalleventas` DISABLE KEYS */;
/*!40000 ALTER TABLE `detalleventas` ENABLE KEYS */;

-- Volcando estructura para tabla loteautos.permisos
CREATE TABLE IF NOT EXISTS `permisos` (
  `pkPermiso` int(11) NOT NULL AUTO_INCREMENT,
  `sModulo` varchar(20) NOT NULL,
  `sDescripcion` varchar(150) DEFAULT NULL,
  `bStatusl` tinyint(1) NOT NULL,
  PRIMARY KEY (`pkPermiso`),
  UNIQUE KEY `pkPermiso` (`pkPermiso`)
) ENGINE=InnoDB AUTO_INCREMENT=8 DEFAULT CHARSET=utf8;

-- Volcando datos para la tabla loteautos.permisos: ~7 rows (aproximadamente)
/*!40000 ALTER TABLE `permisos` DISABLE KEYS */;
INSERT INTO `permisos` (`pkPermiso`, `sModulo`, `sDescripcion`, `bStatusl`) VALUES
	(1, 'Usuarios', 'Modulo de Usuarios', 1),
	(2, 'Roles', 'Modulo de Roles', 1),
	(3, 'Permisos', 'Modulo de Permisos', 1),
	(4, 'Negacion de Permisos', 'Modulo de Negacion de Permisos', 1),
	(5, 'Ventas', 'Modulo de Ventas', 1),
	(6, 'Propietarios', 'Modulo de propietarios', 1),
	(7, 'Automoviles', 'Modulo de automoviles', 1);
/*!40000 ALTER TABLE `permisos` ENABLE KEYS */;

-- Volcando estructura para tabla loteautos.permisosnegadosrol
CREATE TABLE IF NOT EXISTS `permisosnegadosrol` (
  `pkPermisoNegadoRol` int(11) NOT NULL AUTO_INCREMENT,
  `fkPermiso` int(11) NOT NULL,
  `fkRol` int(11) NOT NULL,
  PRIMARY KEY (`pkPermisoNegadoRol`),
  UNIQUE KEY `pkPermisoNegadoRol` (`pkPermisoNegadoRol`),
  KEY `fkRol` (`fkRol`),
  KEY `fkPermiso` (`fkPermiso`),
  CONSTRAINT `permisos_permisosnegadosrol` FOREIGN KEY (`fkPermiso`) REFERENCES `permisos` (`pkPermiso`) ON DELETE NO ACTION ON UPDATE NO ACTION,
  CONSTRAINT `roles_permisosnegadosrol` FOREIGN KEY (`fkRol`) REFERENCES `roles` (`pkRol`) ON DELETE NO ACTION ON UPDATE NO ACTION
) ENGINE=InnoDB AUTO_INCREMENT=19 DEFAULT CHARSET=utf8;

-- Volcando datos para la tabla loteautos.permisosnegadosrol: ~11 rows (aproximadamente)
/*!40000 ALTER TABLE `permisosnegadosrol` DISABLE KEYS */;
INSERT INTO `permisosnegadosrol` (`pkPermisoNegadoRol`, `fkPermiso`, `fkRol`) VALUES
	(8, 1, 2),
	(9, 2, 2),
	(10, 3, 2),
	(11, 4, 2),
	(12, 1, 4),
	(13, 2, 4),
	(14, 3, 4),
	(15, 4, 4),
	(16, 6, 4),
	(17, 7, 4),
	(18, 2, 2);
/*!40000 ALTER TABLE `permisosnegadosrol` ENABLE KEYS */;

-- Volcando estructura para tabla loteautos.propietarioautomoviles
CREATE TABLE IF NOT EXISTS `propietarioautomoviles` (
  `pkPropietarioAutomovil` int(11) NOT NULL AUTO_INCREMENT,
  `fkPropietario` int(11) NOT NULL,
  `fkAutomovil` int(11) NOT NULL,
  `bStatus` tinyint(1) NOT NULL,
  PRIMARY KEY (`pkPropietarioAutomovil`),
  UNIQUE KEY `pkPropietarioAutomovil` (`pkPropietarioAutomovil`),
  KEY `fkPropietario` (`fkPropietario`),
  KEY `fkAutomovil` (`fkAutomovil`),
  CONSTRAINT `automoviles_propietarioautomoviles` FOREIGN KEY (`fkAutomovil`) REFERENCES `automoviles` (`pkAutomovil`) ON DELETE NO ACTION ON UPDATE NO ACTION,
  CONSTRAINT `propietarios_propietarioautomoviles` FOREIGN KEY (`fkPropietario`) REFERENCES `propietarios` (`pkPropietario`) ON DELETE NO ACTION ON UPDATE NO ACTION
) ENGINE=InnoDB AUTO_INCREMENT=5 DEFAULT CHARSET=utf8;

-- Volcando datos para la tabla loteautos.propietarioautomoviles: ~2 rows (aproximadamente)
/*!40000 ALTER TABLE `propietarioautomoviles` DISABLE KEYS */;
INSERT INTO `propietarioautomoviles` (`pkPropietarioAutomovil`, `fkPropietario`, `fkAutomovil`, `bStatus`) VALUES
	(1, 3, 1, 1);
/*!40000 ALTER TABLE `propietarioautomoviles` ENABLE KEYS */;

-- Volcando estructura para tabla loteautos.propietarios
CREATE TABLE IF NOT EXISTS `propietarios` (
  `pkPropietario` int(11) NOT NULL AUTO_INCREMENT,
  `sNombre` varchar(40) NOT NULL,
  `sApellido` varchar(40) NOT NULL,
  `sDireccion` varchar(40) NOT NULL,
  `sTelefono` varchar(40) NOT NULL,
  `sEmail` varchar(40) DEFAULT NULL,
  `sIfe` varchar(40) NOT NULL,
  `sFoto` mediumtext,
  `bStatus` tinyint(1) NOT NULL,
  PRIMARY KEY (`pkPropietario`),
  UNIQUE KEY `pkPropietario` (`pkPropietario`)
) ENGINE=InnoDB AUTO_INCREMENT=5 DEFAULT CHARSET=utf8;

-- Volcando datos para la tabla loteautos.propietarios: ~1 rows (aproximadamente)
/*!40000 ALTER TABLE `propietarios` DISABLE KEYS */;
INSERT INTO `propietarios` (`pkPropietario`, `sNombre`, `sApellido`, `sDireccion`, `sTelefono`, `sEmail`, `sIfe`, `sFoto`, `bStatus`) VALUES
	(3, 'Nimrod', 'Hernandez Jorge', 'avenida de los santos #156', '6623506670', 'georgenimrod25@gmai.com', 'Nimrod', 'C:\\Users\\HERNANDEZ\\Documents\\Desarrollo de Aplicaciones III\\LoteAutos-master\\LoteAutos\\bin\\Debug\\Foto3', 1),
	(4, 'sdfsdf', 'sdfsd', 'sdfsf', '32323', 'sadasd', '232', 'C:\\Users\\HERNANDEZ\\Documents\\Desarrollo de Aplicaciones III\\LoteAutos-master\\LoteAutos\\bin\\Debug\\Foto2', 0);
/*!40000 ALTER TABLE `propietarios` ENABLE KEYS */;

-- Volcando estructura para tabla loteautos.roles
CREATE TABLE IF NOT EXISTS `roles` (
  `pkRol` int(11) NOT NULL AUTO_INCREMENT,
  `sNombre` varchar(20) NOT NULL,
  `bStatus` tinyint(1) NOT NULL,
  PRIMARY KEY (`pkRol`),
  UNIQUE KEY `pkRol` (`pkRol`)
) ENGINE=InnoDB AUTO_INCREMENT=5 DEFAULT CHARSET=utf8;

-- Volcando datos para la tabla loteautos.roles: ~2 rows (aproximadamente)
/*!40000 ALTER TABLE `roles` DISABLE KEYS */;
INSERT INTO `roles` (`pkRol`, `sNombre`, `bStatus`) VALUES
	(1, 'Admin', 1),
	(2, 'Gerente', 1),
	(4, 'Vendedor', 1);
/*!40000 ALTER TABLE `roles` ENABLE KEYS */;

-- Volcando estructura para tabla loteautos.usuarios
CREATE TABLE IF NOT EXISTS `usuarios` (
  `pkUsuario` int(11) NOT NULL AUTO_INCREMENT,
  `sUsuario` varchar(40) NOT NULL,
  `sPassword` varchar(128) NOT NULL,
  `bStatus` tinyint(1) NOT NULL,
  `fkRol` int(11) NOT NULL,
  PRIMARY KEY (`pkUsuario`),
  UNIQUE KEY `pkUsuario` (`pkUsuario`),
  KEY `fkRol` (`fkRol`),
  CONSTRAINT `roles_usuarios` FOREIGN KEY (`fkRol`) REFERENCES `roles` (`pkRol`) ON DELETE NO ACTION ON UPDATE NO ACTION
) ENGINE=InnoDB AUTO_INCREMENT=4 DEFAULT CHARSET=utf8;

-- Volcando datos para la tabla loteautos.usuarios: ~3 rows (aproximadamente)
/*!40000 ALTER TABLE `usuarios` DISABLE KEYS */;
INSERT INTO `usuarios` (`pkUsuario`, `sUsuario`, `sPassword`, `bStatus`, `fkRol`) VALUES
	(1, 'admin', '123', 1, 1),
	(2, 'Gerente', '321', 1, 2),
	(3, 'Vendedor', '123', 1, 4);
/*!40000 ALTER TABLE `usuarios` ENABLE KEYS */;

-- Volcando estructura para tabla loteautos.ventas
CREATE TABLE IF NOT EXISTS `ventas` (
  `pkVenta` int(11) NOT NULL AUTO_INCREMENT,
  `fkAutomovil` int(11) NOT NULL,
  `dPrecio` double NOT NULL,
  `bStatus` tinyint(1) NOT NULL,
  PRIMARY KEY (`pkVenta`),
  UNIQUE KEY `pkVenta` (`pkVenta`),
  KEY `fkAutomovil` (`fkAutomovil`),
  CONSTRAINT `automoviles_ventas` FOREIGN KEY (`fkAutomovil`) REFERENCES `automoviles` (`pkAutomovil`) ON DELETE NO ACTION ON UPDATE NO ACTION
) ENGINE=InnoDB AUTO_INCREMENT=2 DEFAULT CHARSET=utf8;

-- Volcando datos para la tabla loteautos.ventas: ~0 rows (aproximadamente)
/*!40000 ALTER TABLE `ventas` DISABLE KEYS */;
/*!40000 ALTER TABLE `ventas` ENABLE KEYS */;

-- Volcando estructura para tabla loteautos.__migrationhistory
CREATE TABLE IF NOT EXISTS `__migrationhistory` (
  `MigrationId` varchar(150) NOT NULL,
  `ContextKey` varchar(300) NOT NULL,
  `Model` longblob NOT NULL,
  `ProductVersion` varchar(32) NOT NULL,
  PRIMARY KEY (`MigrationId`,`ContextKey`)
) ENGINE=InnoDB DEFAULT CHARSET=utf8;

-- Volcando datos para la tabla loteautos.__migrationhistory: ~0 rows (aproximadamente)
/*!40000 ALTER TABLE `__migrationhistory` DISABLE KEYS */;
INSERT INTO `__migrationhistory` (`MigrationId`, `ContextKey`, `Model`, `ProductVersion`) VALUES
	('201703060622294_InitialCreate', 'LoteAutos.Modelo.DataModel', _binary 0x1F8B0800000000000400ED5DC96EE4BA15DD07C83F08B50CFAB93CA4D31DA3FC1EFCEC7660A43DC0E56E64D7A04BACB2F03454343836827C54D65964910FCA2F849AC579102555751EBC7151E4E12579EE2579455DFEF75FFF5EFCF41AF8CE0B8C132F0ACF66470787330786ABC8F5C2CDD92C4BD73F7C9CFDF4E36F7FB3F8E406AFCED73ADF499E0F950C93B3D9739A6E4FE7F364F50C03901C04DE2A8E92689D1EACA2600EDC687E7C78F8C7F9D1D11C228819C2729CC54316A65E008B1FE8E74514AEE036CD807F13B9D04FAA74F46459A03AB72080C916ACE0D9EC7394C2F32C8D9283226F3473CE7D0F203996D05FCF1C1086510A5224E5E997042ED3380A37CB2D4A00FEE3DB16A27C6BE027B092FEB4CDAEDA90C3E3BC21F3B6600DB5CA92340A34018F4EAA9E9993C58DFA77D6F41CEABB4FA88FD3B7BCD545FF9DCD00EAB6207AF17C98CC1CB2BED30B3FCEF3D23D7CD029F7CE699EBE6BE8805893FFBD732E323FCD627816C22C8D81FFCEB9CF9E7C6FF567F8F618FD02C3B330F3FDAE884848F40C4B4049F771B48571FAF600D795E0DB5FCE6B1166CE1C079893084D7956E1B285D7617A723C736E9138E0C9870D273ABDB14CA318FE098630062974EF419AC2180DE9B50B8B5EA5C4202A4DAEA2343AAAEB433444FA34736EC0EB67186ED267A4697FF8F0E1C3F1D1FB9973E5BD42B74EAE04F9127A48075BC1142A3B1EB3B293B12ABB01F10A082AFBFDA15A35D450CBEAAD6C0BB7E2E3612AF6CEFFF3CF48465389ECB7D112C61E1C5F7854F3BD0F84E33554CD17911FC553B418AC90B500BEE70277FCEADDFB18A2FAEB8A2F23646E0D1A71F794C0F8A568493E33F035FBBD6233C4F53D2D918DCD9A8A7E8E221F82502EF62D78F1368575262D3CFAE9C114C45E844D710FD02FB227CFDEB65C1F74A7B26FBC625771143C443E3E6172727F5B4659BCCA752D522EF208E20D4CD59BF782A61C206F4E9D8D2D7EF954286E958525DE62DE2E26844B0C5E9F6AAC36D810532D3CEE5B697AAD41D838632D47D6DDFAFB4D2F6BF5E5D4C8666074DDAF354543F76BFD33306DEC46753328B44A213BD52C9532AC7699180D6353B10B06A2A75D187177721B054FB1688538D4BAFA7C0B7DB45812ADAC87AAFAD2438BA555B1B31EBDEE47E8C375144ED1EC4F01682D758F7A25D55CAFA7A053BE171D692B3AE5AA7500234F2E0475260623235F2F4F35CC7B59642AC3FE35AFDDC4A45705C75BDB595A90D9D94D4EBAAC53DA0389966DC43649554617298BEF43C14EAD022632B672B29E534ACACCD44B2B09793494132B39958E5E964218AB2A5E7E3C8DBD88826D0CDCD66565ECEAFBBF5BC7B9E9155C3D036CC82ED1303C7A8101D8231A52BFA7C54304D8F4B59AEE05089E26B3BD143F951442D538AE6AB2730C78E739DF3E723351E69C9F53D7AADB36E7A4A4429B6F64CEB1AED630E69D725399F28E49D4B7E3CAF6F4D73DF4E07BE88FC3D46D7D5D295FB3F5344CE4EA4D6EC24C75DECB9534861B2F49634D171A557A42FD2F0479A80431340304C658D6C0BD889EE2DE8B8072698343192F6D265A95A87B7D618C464BD7E35B159ACCDB5BD66FE4E9AD8B8E3643A13ECBA638C4905CC264157B5BC94461F775B26F6F66A84916C20D32D7491CF96CAF5C95ED1B2B7FC71BC7CF467BE10479FBBD97658868A0766DF18915F0B610E421327B174B618CF81E56CD0AC86014A4D665FB501CA75E272AE883AAECA80C6753593C9148CDCB4389CCCDD86BB35609AFA1864589A934CF50D946D52FF9A66CA029CFFEDB21B539A817CDC9D947AA0FAAC26749C63FB150D6D2662105AD9F70C46B1EF79A0FDBEA35D4AF2E3495067E29EB37D1C2A6E8689A48D438A293E21E24C9DFA258741EF3E8F8E34E998121E777D91CA9A089ECF9905254154D3C4F9268E51592304EFFF05E6EE34DFD14BA8EC19BEE920CE4FB74C40BA4B0DE16A92812175183EA59BDEA9ABE625687BDCCC42BFE1D5531D27D18E7EA06FC0B3470C89A78614A1B0A2F5C795BE0EB770901A57FC0291FE6A67EF2C925DCC230B716FA9DA722D85A2658533F612C65BDBA9877382AA6AEC289421E95748E16B74C12D047C45B9DB38C13D156BD3FD458CB3DACABC559F58E53A3AC50AA1108CBF768F3A8A3E0DE6E1983BD7E52A7A7C2BBBDB60EC2113F0819A58D56E320F795961607A5BDA3463DA13023508FF9C694C708F16998960C6C1688B8267E313B2ECD44AD546318F3E08B16BB44FDA1462CAE0C234FC0124A893E86B13AC1F239352899F8ED9B6AC23421D3D41324D79FC21B79B973A51DFF6A27A64E2BB983B2B35A63F88006219AACC56A74637813B58826EB1A35BA71A4188D68CDDE5BCC00DA25D69B54F4DEBE856C3D020312886CD398B4211BBFEB6411BD85E1FA2A545E3BD2E643CB1DA2F2D667020BA5D07445D707FB6DBF9EDB43DE498AEE0EBE30D62958FAEE50991495807125C3254841E10A6778CDBF24B0729C2767B334CE2045CC1C710953D6A9FED655C85A8651FCC391786E0A0A9497511D5F822AC7AA5780144AFD40529ED8955030C473091AB65DA7B0B0A77224F20C1A0B8FCC23EBF9C626D1BDDE3C52C4E81A1D2E5A379304B79A7629A82A5D52BA9D612980F61181D151553639B95F86754A6A7C50465A1933AF7BD3725291282B66E66667E38BF47B8E77A44227AB7C384EF7B1AE73D8D43DDCE90141B34DFDC163F4AFE09C2DDDAD8A2E4C4D2766A79902BBA7E9B5EC808A0DB37E97B1BF3FA07B4BEE7553F7BB759AC36E87BAA36DC09E617D0E28564E69AF085C473D958FDF2DD6FA837F4284EE1535EF879EFFA3D326E6DCA8E7F0E89A23F9A46DDA5BED1CCCEB23F6C65D65EB6ED01FD45EBD83C15D2EE8B75D78D68FB18650DD946A6F4B19832C5E2F28EC436D11A73ED7D0EC8D9A678B7919ACB24A58CC39512D173760BBF5C24D27CA6595E22CCB1097173F2CF5A33F0625C67C857192DCC93535A5510C3690788AAA46925E797192E67BBD27909F33B970032A5BBB13E4AC73EB7AE8CD1E3D8CF502B82E93FF5F961345A264EC9A2B802BD4B220DF8017479838169A2AEDE4C146810F62EAEC54C7277D11F959102AB8CCF9787564C82E549DA68972CC4039D6463961A09C68A154411A31942A4D07A50AB988C35489EA385504C52E4A95A4214B13421113A649D542AA4222124855AA065215E210C3A9D274E4C10216E242618FD4319BB8115DB426514336220E21261CF14C1DB53992D7856B12699CC59C302394B78DB258C4DC411A412513A9BC43D4B0966A980A865315886F433B67B5B8E6949D477DA48913615D70C961311126475CE1ABCAEF898DF638D89379A67C13D04CD392979F161086BC4CD4C0693FDFC690DA640DACCEF7D81858275D03AD8D528681B5C91A5855D8310CA84AD34029A28A6118458AE60A87B1C0F90E7596EBC6D0D0563686829EF20AF235B43A3684EB26E72C111FC7B67DB6B596D913CEC8FC821AD41142293048529E4F243C8613CE27517C2831AD3AC725715A09CE51F2F17671F2C00329617CC79E682056D19430AC2A4D47058BC005B80216491A1875E0020CA54E1C4E8DF97C627433F7E8E464E6A0FBEAA3973110002998026169BE21E0A8ACF01C361F6F1755D6EE7A6F4FE628FADC405F6A8AE1D4082AC310D294085243B155180847845E87A1C1CD5E99A63D33B0B0B027BB6DD3A7DA3AD76F2CFA6D9B39282A5B666E51C176B93E5B466C957947CEF8584DD019D28D9BE9B971F11832B8B1EB3ED136773ED3DE315728133348F83ECD804B7C3C0D568940A4FCEA445C61128D1BD54584BE66B357706052844509C739F73B193BCA97C6BD08C18450E000A71C7FD81923AD39B8B656617BB2D6111C2BD0185F1E8AC210F38BF247B989F4808F34275A8570B499508909521B0402836A93A7D804EE8871A1CE3090599ADAAB94E6777386A13A3F20BFAE933A5050669939A8735E3C373F4C70F3B6FCAB7F903F3F28FEBDF03DD4E036C70D08BD354CD2327CCAECFDC107E2CECFDDB97F739E242E36318A2FE1C4876C92AB30BDBCA7A5B15E4CEEE5686EBF0CA0EB65410A5FD32E50F18D800ACEB1259C130B38D875942FE8C73388A99836FDEE9A64A11EEBA36217491683DCF31A494B72917744DA82C52E80B4262BE376474BD8C4651BAECDAB1B592216C136F5D84E04337A8AF2A9CA52EC57850305BB7443DF20569279295F5113F575D575E8C2D7B3D9DF8B92A7CEF55FBE6185DF3977319A284F9D43E71F362EF45317A229DA4B847198D69F5F3D6935EC9C8B873EB4353991C1E66DE15291E46D019357ADD9C2C5EE5193832A2D273A97A6D912B37B239AF9426740856486E918F54AAE818CF9E456D4CE9262C0A117C5FE99F0C2A781F840DD49A2CE87A6682F3EECD78CC0BAD7C945639116971F14D42EE2ACCE0CA0B15B9E0CF502BB4FC11403BF4F61340D65D1935601256A16C53468697475919169B07B81D0AF6B34C535DA477DE001A718C99BF95DB88C661066E1F7CF989A27C6FD33B64CF044D653FF361AB33DA2B56B6186B13BF84D30B6DC638C6B5EECBA9EFC214C84EC4DF62EDC443294BF89C135355F5359B0A79F896CA052D50F91CEAE48F3F20DA381371CEBA18757617161A0E403CED59CE077A35F8630CC681095D85A9391971B300D6E7EBBC1249B8A09357CB88B056C5F1D80050A61438F7B4DC0741701883F4BA585F87E82FEDB883ABC6B9CD21D4D5B41877B116AEA88C3BD42F2DB88BE4F0460EA008E1C6A7FD4A8FAB2CFD55854D9C310FA3DA3E54FCB0D8DC1B1110ADF8412FB17FCDEC6C4A3CCAD3D9F58B4A830F5446216BABE5F2C71466DD3C5A41F2984B8D2E7142C82EC47B0F97E8468C3D17550C688273FD2E00B8ED6EFD6906F55A3F331B4D95A60F8A9CD02DBA9CF2507F783A131AC83A0F291C2BBD3B1FFC8F1C583586B84702F0FFD9FCDFC2885F9839C62A58767D448EF7C317825D42592C78657AADD420C797E3DC34499E7D73758387A7E952344AD17563E44887B0171060F832FAFDB5ED07C7E5D16A3EAF32BD9B3C8FBBD63EB336CE8F71C47DF2858F794DD3566587CA308F8CC7962FFC2DDEB46B61FAFD9C3C6B2375208E52EDBD150F59A01D8F9F3E6FEC4A0D76C32398BEE759879F360F2438CB846F078FA036BB4DFCBC2FC285EF9EB1226DEA6855820CC10AEB09D5E93E73A5C47F59E9390A8CE42BCCABF4196CC45DBC0F338F5D66095A2C72B98245EB899395F819FA12C9F8227E85E877759BACD52D464183CF96FDDCEC837AEA2FA8B08F9B8CC8BBB6DFE2BB1D184AFC5779B29BC0B7FCE3CDF6DE4BE629C29E040E43BE2EA4C483E96697E3664F3D620DD46A12250D57DCD46FE11065B1F812577E112BC4013D9BE24F033E2E0EAEDBEFA4C9E0F221F08BCDB17971ED8C420482A8CB63CFA8938EC06AF3FFE0FB201392B3CB40000, '6.1.3-40302');
/*!40000 ALTER TABLE `__migrationhistory` ENABLE KEYS */;

/*!40101 SET SQL_MODE=IFNULL(@OLD_SQL_MODE, '') */;
/*!40014 SET FOREIGN_KEY_CHECKS=IF(@OLD_FOREIGN_KEY_CHECKS IS NULL, 1, @OLD_FOREIGN_KEY_CHECKS) */;
/*!40101 SET CHARACTER_SET_CLIENT=@OLD_CHARACTER_SET_CLIENT */;
